depth,min,max,median,wmean,date
0.2,-0.8,1.1,0,0,2015
0.4,-0.7,1.3,0.1,0.1,2014.9
0.6,-0.6,1.4,0.2,0.2,2014.8
0.8,-0.5,1.5,0.3,0.3,2014.7
1,-0.4,1.6,0.4,0.4,2014.6
1.2,-0.3,1.7,0.5,0.5,2014.5
1.4,-0.2,1.8,0.6,0.6,2014.4
1.6,-0.1,1.9,0.7,0.7,2014.3
1.8,0,2,0.9,0.9,2014.1
2,0.1,2.1,1.1,1.1,2013.9
2.2,0.3,2.2,1.3,1.3,2013.7
2.4,0.6,2.4,1.5,1.5,2013.5
2.6,0.8,2.5,1.7,1.7,2013.3
2.8,1,2.7,1.9,1.9,2013.1
3,1.2,2.8,2.1,2.1,2012.9
3.2,1.5,3,2.3,2.3,2012.7
3.4,1.7,3.1,2.5,2.5,2012.5
3.6,1.9,3.3,2.7,2.7,2012.3
3.8,2.1,3.5,2.8,2.8,2012.2
4,2.3,3.7,3,3,2012
4.2,2.5,3.9,3.2,3.2,2011.8
4.4,2.7,4.1,3.4,3.4,2011.6
4.6,2.9,4.3,3.6,3.6,2011.4
4.8,3.1,4.5,3.8,3.8,2011.2
5,3.2,4.8,4,4,2011
5.2,3.4,5,4.2,4.2,2010.8
5.4,3.6,5.2,4.4,4.4,2010.6
5.6,3.7,5.5,4.5,4.6,2010.4
5.8,3.9,5.7,4.7,4.8,2010.2
6,4,5.9,4.9,4.9,2010.1
6.2,4.1,6.2,5.1,5.1,2009.9
6.4,4.3,6.4,5.3,5.3,2009.7
6.6,4.4,6.7,5.5,5.5,2009.5
6.8,4.6,6.9,5.7,5.7,2009.3
7,4.7,7.2,5.9,5.9,2009.1
7.2,4.9,7.3,6,6.1,2008.9
7.4,5.2,7.3,6.2,6.2,2008.8
7.6,5.4,7.4,6.4,6.4,2008.6
7.8,5.6,7.5,6.5,6.6,2008.4
8,5.8,7.6,6.7,6.7,2008.3
8.2,6,7.7,6.9,6.9,2008.1
8.4,6.2,7.9,7,7,2008
8.6,6.4,8,7.2,7.2,2007.8
8.8,6.6,8.1,7.3,7.4,2007.6
9,6.8,8.2,7.5,7.5,2007.5
9.2,6.9,8.4,7.7,7.7,2007.3
9.4,7.1,8.6,7.9,7.9,2007.1
9.6,7.2,8.7,8,8,2007
9.8,7.3,8.9,8.2,8.2,2006.8
10,7.4,9.1,8.4,8.3,2006.7
10.2,7.5,9.3,8.5,8.5,2006.5
10.4,7.6,9.5,8.7,8.7,2006.3
10.6,7.8,9.8,8.8,8.8,2006.2
10.8,7.9,10,9,9,2006
11,7.9,10.2,9.2,9.2,2005.8
11.2,8,10.4,9.3,9.3,2005.7
11.4,8.1,10.7,9.5,9.5,2005.5
11.6,8.2,10.9,9.7,9.7,2005.3
11.8,8.3,11.1,9.8,9.8,2005.2
12,8.4,11.4,10,10,2005
12.2,8.6,11.4,10.1,10.1,2004.9
12.4,8.9,11.5,10.3,10.3,2004.7
12.6,9.1,11.6,10.4,10.4,2004.6
12.8,9.4,11.7,10.6,10.6,2004.4
13,9.6,11.7,10.7,10.7,2004.3
13.2,9.8,11.8,10.9,10.9,2004.1
13.4,10,11.9,11,11,2004
13.6,10.3,12,11.2,11.2,2003.8
13.8,10.5,12.2,11.3,11.3,2003.7
14,10.6,12.3,11.5,11.5,2003.5
14.2,10.8,12.4,11.6,11.6,2003.4
14.4,11,12.6,11.8,11.8,2003.2
14.6,11.2,12.8,11.9,11.9,2003.1
14.8,11.3,12.9,12.1,12.1,2002.9
15,11.4,13.1,12.2,12.2,2002.8
15.2,11.5,13.3,12.4,12.4,2002.6
15.4,11.6,13.5,12.5,12.5,2002.5
15.6,11.7,13.7,12.7,12.7,2002.3
15.8,11.8,13.9,12.8,12.8,2002.2
16,11.9,14.2,13,13,2002
16.2,12,14.4,13.1,13.2,2001.8
16.4,12.1,14.6,13.2,13.3,2001.7
16.6,12.1,14.9,13.4,13.5,2001.5
16.8,12.2,15.1,13.6,13.6,2001.4
17,12.3,15.4,13.7,13.8,2001.2
17.2,12.5,15.5,13.9,14,2001
17.4,12.8,15.7,14.2,14.2,2000.8
17.6,13.1,15.9,14.4,14.4,2000.6
17.8,13.4,16.1,14.6,14.7,2000.3
18,13.6,16.2,14.9,14.9,2000.1
18.2,13.9,16.4,15.1,15.1,1999.9
18.4,14.1,16.7,15.3,15.4,1999.6
18.6,14.4,16.8,15.5,15.6,1999.4
18.8,14.6,17.1,15.8,15.8,1999.2
19,14.8,17.3,16,16,1999
19.2,15,17.5,16.2,16.3,1998.7
19.4,15.2,17.8,16.5,16.5,1998.5
19.6,15.5,18,16.7,16.7,1998.3
19.8,15.7,18.3,16.9,17,1998
20,15.9,18.5,17.2,17.2,1997.8
20.2,16,18.8,17.4,17.4,1997.6
20.4,16.2,19,17.6,17.6,1997.4
20.6,16.4,19.3,17.8,17.9,1997.1
20.8,16.6,19.6,18.1,18.1,1996.9
21,16.7,19.9,18.3,18.3,1996.7
21.2,16.9,20.2,18.5,18.6,1996.4
21.4,17.1,20.5,18.8,18.8,1996.2
21.6,17.2,20.7,19,19,1996
21.8,17.4,21.1,19.2,19.2,1995.8
22,17.6,21.3,19.5,19.5,1995.5
22.2,18.1,21.5,19.8,19.8,1995.2
22.4,18.6,21.6,20.1,20.1,1994.9
22.6,19.1,21.7,20.4,20.4,1994.6
22.8,19.5,21.8,20.7,20.7,1994.3
23,19.9,22.1,21,21,1994
23.2,20.3,22.3,21.3,21.3,1993.7
23.4,20.6,22.6,21.6,21.6,1993.4
23.6,20.8,22.9,21.9,21.9,1993.1
23.8,21,23.3,22.2,22.2,1992.8
24,21.1,23.8,22.6,22.6,1992.4
24.2,21.2,24.3,22.9,22.9,1992.1
24.4,21.4,24.8,23.2,23.2,1991.8
24.6,21.5,25.3,23.5,23.5,1991.5
24.8,21.6,25.8,23.8,23.8,1991.2
25,21.7,26.3,24.1,24.1,1990.9
25.2,21.7,26.8,24.4,24.4,1990.6
25.4,21.8,27.4,24.7,24.7,1990.3
25.6,21.9,27.9,25,25,1990
25.8,22,28.4,25.3,25.3,1989.7
26,22,28.9,25.6,25.6,1989.4
26.2,22.1,29.5,26,26,1989
26.4,22.1,30,26.3,26.3,1988.7
26.6,22.2,30.5,26.6,26.6,1988.4
26.8,22.3,31.1,26.9,26.9,1988.1
27,22.3,31.6,27.2,27.2,1987.8
27.2,22.8,31.7,27.4,27.4,1987.6
27.4,23.2,31.7,27.6,27.7,1987.3
27.6,23.7,31.7,27.9,27.9,1987.1
27.8,24.2,31.8,28.1,28.1,1986.9
28,24.6,31.8,28.3,28.4,1986.6
28.2,25.1,31.9,28.6,28.6,1986.4
28.4,25.5,31.9,28.8,28.8,1986.2
28.6,26,32,29,29.1,1985.9
28.8,26.4,32,29.3,29.3,1985.7
29,26.9,32.1,29.5,29.5,1985.5
29.2,27.3,32.1,29.7,29.8,1985.2
29.4,27.7,32.2,30,30,1985
29.6,28.2,32.2,30.2,30.2,1984.8
29.8,28.6,32.3,30.4,30.5,1984.5
30,29,32.4,30.7,30.7,1984.3
30.2,29.4,32.4,30.9,30.9,1984.1
30.4,29.8,32.5,31.2,31.2,1983.8
30.6,30.2,32.6,31.4,31.4,1983.6
30.8,30.5,32.7,31.6,31.6,1983.4
31,30.8,32.9,31.9,31.9,1983.1
31.2,31,33.1,32.1,32.1,1982.9
31.4,31.3,33.3,32.3,32.3,1982.7
31.6,31.5,33.7,32.6,32.6,1982.4
31.8,31.6,34,32.8,32.8,1982.2
32,31.7,34.4,33,33,1982
32.2,31.9,34.5,33.2,33.2,1981.8
32.4,32.1,34.7,33.4,33.4,1981.6
32.6,32.3,34.9,33.6,33.6,1981.4
32.8,32.4,35.2,33.8,33.8,1981.2
33,32.5,35.4,34,34,1981
33.2,32.6,35.7,34.2,34.2,1980.8
33.4,32.7,36,34.4,34.4,1980.6
33.6,32.8,36.3,34.6,34.6,1980.4
33.8,32.9,36.6,34.8,34.8,1980.2
34,32.9,36.9,35,35,1980
34.2,33,37.2,35.1,35.2,1979.8
34.4,33.1,37.5,35.3,35.4,1979.6
34.6,33.1,37.9,35.5,35.6,1979.4
34.8,33.2,38.2,35.7,35.7,1979.3
35,33.2,38.6,35.9,35.9,1979.1
35.2,33.3,38.9,36.1,36.1,1978.9
35.4,33.4,39.3,36.3,36.3,1978.7
35.6,33.4,39.6,36.4,36.5,1978.5
35.8,33.5,40,36.6,36.7,1978.3
36,33.5,40.3,36.8,36.9,1978.1
36.2,33.6,40.7,37,37.1,1977.9
36.4,33.6,41,37.2,37.3,1977.7
36.6,33.7,41.4,37.4,37.5,1977.5
36.8,33.7,41.7,37.5,37.6,1977.4
37,33.7,42.1,37.7,37.8,1977.2
37.2,34.3,42.1,38,38.1,1976.9
37.4,34.8,42.2,38.3,38.4,1976.6
37.6,35.3,42.3,38.6,38.7,1976.3
37.8,35.8,42.3,38.9,39,1976
38,36.3,42.4,39.2,39.3,1975.7
38.2,36.8,42.5,39.5,39.6,1975.4
38.4,37.3,42.5,39.8,39.9,1975.1
38.6,37.8,42.6,40.1,40.2,1974.8
38.8,38.3,42.7,40.4,40.4,1974.6
39,38.8,42.8,40.7,40.7,1974.3
39.2,39.3,42.9,41,41,1974
39.4,39.8,43,41.3,41.3,1973.7
39.6,40.2,43.1,41.6,41.6,1973.4
39.8,40.7,43.2,41.8,41.9,1973.1
40,41.1,43.4,42.1,42.2,1972.8
40.2,41.4,43.6,42.4,42.5,1972.5
40.4,41.7,43.9,42.7,42.8,1972.2
40.6,41.9,44.2,43,43.1,1971.9
40.8,42.1,44.6,43.3,43.3,1971.7
41,42.3,45,43.6,43.6,1971.4
41.2,42.4,45.5,43.9,43.9,1971.1
41.4,42.5,46,44.2,44.2,1970.8
41.6,42.7,46.4,44.5,44.5,1970.5
41.8,42.8,46.9,44.8,44.8,1970.2
42,42.8,47.4,45.1,45.1,1969.9
42.2,43.3,47.7,45.4,45.4,1969.6
42.4,43.8,47.9,45.8,45.8,1969.2
42.6,44.3,48.1,46.1,46.1,1968.9
42.8,44.7,48.3,46.5,46.5,1968.5
43,45.2,48.6,46.8,46.8,1968.2
43.2,45.6,48.8,47.2,47.2,1967.8
43.4,46.1,49.1,47.5,47.5,1967.5
43.6,46.5,49.3,47.9,47.9,1967.1
43.8,47,49.6,48.2,48.3,1966.7
44,47.3,49.9,48.6,48.6,1966.4
44.2,47.7,50.1,48.9,48.9,1966.1
44.4,48.1,50.5,49.3,49.3,1965.7
44.6,48.5,50.8,49.6,49.6,1965.4
44.8,48.8,51.1,50,50,1965
45,49.1,51.5,50.3,50.3,1964.7
45.2,49.4,51.9,50.7,50.7,1964.3
45.4,49.7,52.3,51,51,1964
45.6,49.9,52.7,51.4,51.4,1963.6
45.8,50.2,53.2,51.7,51.7,1963.3
46,50.5,53.6,52.1,52.1,1962.9
46.2,50.7,54.1,52.4,52.4,1962.6
46.4,51,54.5,52.8,52.8,1962.2
46.6,51.2,55,53.1,53.1,1961.9
46.8,51.4,55.5,53.5,53.5,1961.5
47,51.6,55.9,53.8,53.8,1961.2
47.2,52,56.4,54.3,54.3,1960.7
47.4,52.4,57,54.7,54.8,1960.2
47.6,52.6,57.7,55.2,55.2,1959.8
47.8,52.9,58.6,55.6,55.7,1959.3
48,53.1,59.4,56,56.1,1958.9
48.2,53.3,60.3,56.4,56.6,1958.4
48.4,53.4,61.3,56.9,57.1,1957.9
48.6,53.6,62.2,57.3,57.5,1957.5
48.8,53.7,63.2,57.7,58,1957
49,53.8,64.2,58.2,58.5,1956.5
49.2,53.9,65.2,58.6,58.9,1956.1
49.4,54,66.2,59,59.4,1955.6
49.6,54.1,67.2,59.4,59.8,1955.2
49.8,54.2,68.2,59.9,60.3,1954.7
50,54.3,69.2,60.3,60.7,1954.3
50.2,54.3,70.2,60.7,61.2,1953.8
50.4,54.5,71.3,61.1,61.7,1953.3
50.6,54.5,72.3,61.5,62.1,1952.9
50.8,54.6,73.3,62,62.6,1952.4
51,54.6,74.3,62.4,63,1952
51.2,54.7,75.3,62.8,63.5,1951.5
51.4,54.8,76.3,63.2,64,1951
51.6,54.9,77.3,63.6,64.4,1950.6
51.8,55,78.3,64,64.9,1950.1
52,55,79.3,64.5,65.3,1949.7
52.2,55.7,79.5,65,65.8,1949.2
52.4,56.3,79.6,65.5,66.3,1948.7
52.6,56.8,79.8,66,66.8,1948.2
52.8,57.3,79.9,66.5,67.2,1947.8
53,57.7,80.1,67.1,67.7,1947.3
53.2,58.1,80.3,67.7,68.2,1946.8
53.4,58.4,80.5,68.2,68.7,1946.3
53.6,58.8,80.6,68.8,69.2,1945.8
53.8,59.1,80.9,69.4,69.7,1945.3
54,59.4,81,69.9,70.1,1944.9
54.2,59.7,81.2,70.5,70.6,1944.4
54.4,60,81.5,71.1,71.1,1943.9
54.6,60.3,81.7,71.7,71.6,1943.4
54.8,60.6,81.9,72.3,72.1,1942.9
55,60.9,82.2,72.9,72.6,1942.4
55.2,61.2,82.5,73.5,73,1942
55.4,61.5,82.8,74.1,73.5,1941.5
55.6,61.8,83.1,74.7,74,1941
55.8,62,83.4,75.2,74.5,1940.5
56,62.2,83.8,75.7,75,1940
56.2,62.5,84.1,76.2,75.4,1939.6
56.4,62.7,84.6,76.7,75.9,1939.1
56.6,62.9,85.1,77.3,76.4,1938.6
56.8,63.2,85.7,77.8,76.9,1938.1
57,63.4,86.3,78.3,77.3,1937.7
57.2,64.6,86.4,78.7,77.9,1937.1
57.4,65.9,86.5,79.2,78.4,1936.6
57.6,67.2,86.5,79.6,78.9,1936.1
57.8,68.4,86.6,80.1,79.4,1935.6
58,69.7,86.7,80.5,79.9,1935.1
58.2,70.9,86.8,80.9,80.4,1934.6
58.4,72.2,86.9,81.4,80.9,1934.1
58.6,73.4,87,81.8,81.4,1933.6
58.8,74.7,87.1,82.3,81.9,1933.1
59,75.9,87.2,82.7,82.4,1932.6
59.2,77,87.4,83.2,82.9,1932.1
59.4,78.2,87.5,83.6,83.5,1931.5
59.6,79.3,87.6,84.1,84,1931
59.8,80.5,87.9,84.6,84.5,1930.5
60,81.5,88.1,85,85,1930
60.2,82.4,88.3,85.5,85.5,1929.5
60.4,83.2,88.6,86,86.1,1928.9
60.6,83.8,89.1,86.5,86.6,1928.4
60.8,84.3,89.7,87.1,87.1,1927.9
61,84.6,90.6,87.6,87.6,1927.4
61.2,84.9,91.5,88,88.1,1926.9
61.4,85.1,92.6,88.5,88.7,1926.3
61.6,85.3,93.7,88.9,89.2,1925.8
61.8,85.5,94.9,89.4,89.7,1925.3
62,85.6,96,89.8,90.2,1924.8
62.2,86.1,96.6,90.3,90.7,1924.3
62.4,86.6,97.2,90.9,91.3,1923.7
62.6,86.9,97.8,91.5,91.8,1923.2
62.8,87.2,98.5,92,92.3,1922.7
63,87.5,99.3,92.5,92.8,1922.2
63.2,87.6,100.3,93,93.4,1921.6
63.4,87.8,101.3,93.6,93.9,1921.1
63.6,88,102.3,94,94.4,1920.6
63.8,88.1,103.4,94.5,94.9,1920.1
64,88.3,104.6,95,95.5,1919.5
64.2,88.4,105.8,95.4,96,1919
64.4,88.6,107,95.9,96.5,1918.5
64.6,88.7,108.3,96.4,97,1918
64.8,88.8,109.6,96.8,97.6,1917.4
65,88.9,110.9,97.2,98.1,1916.9
65.2,89,112.2,97.7,98.6,1916.4
65.4,89.2,113.5,98.1,99.1,1915.9
65.6,89.3,114.8,98.6,99.7,1915.3
65.8,89.4,116.1,99.1,100.2,1914.8
66,89.5,117.4,99.6,100.7,1914.3
66.2,89.5,118.7,100,101.3,1913.7
66.4,89.6,120,100.4,101.8,1913.2
66.6,89.7,121.4,100.9,102.3,1912.7
66.8,89.8,122.8,101.4,102.8,1912.2
67,89.8,124.1,101.8,103.4,1911.6
67.2,90.5,124.4,102.4,103.9,1911.1
67.4,91.1,124.7,102.9,104.5,1910.5
67.6,91.6,125,103.5,105,1910
67.8,92,125.3,104.1,105.5,1909.5
68,92.5,125.6,104.7,106.1,1908.9
68.2,92.9,125.9,105.3,106.6,1908.4
68.4,93.3,126.2,106,107.2,1907.8
68.6,93.6,126.6,106.6,107.7,1907.3
68.8,94,127,107.2,108.2,1906.8
69,94.3,127.5,107.9,108.8,1906.2
69.2,94.5,127.9,108.5,109.3,1905.7
69.4,94.9,128.3,109.2,109.9,1905.1
69.6,95.2,128.9,109.8,110.4,1904.6
69.8,95.4,129.2,110.4,110.9,1904.1
70,95.6,129.6,110.9,111.5,1903.5
70.2,95.9,130.1,111.6,112,1903
70.4,96.2,130.6,112.2,112.6,1902.4
70.6,96.4,131.1,112.8,113.1,1901.9
70.8,96.6,131.8,113.4,113.6,1901.4
71,96.8,132.5,113.9,114.2,1900.8
71.2,97,133.2,114.6,114.7,1900.3
71.4,97.2,134,115.1,115.3,1899.7
71.6,97.4,134.9,115.7,115.8,1899.2
71.8,97.6,136,116.2,116.3,1898.7
72,97.7,136.8,116.7,116.9,1898.1
72.2,98.7,137,117.3,117.4,1897.6
72.4,99.6,137.3,117.8,118,1897
72.6,100.4,137.5,118.4,118.5,1896.5
72.8,101.1,137.7,118.9,119.1,1895.9
73,101.8,138,119.5,119.6,1895.4
73.2,102.5,138.2,120.1,120.2,1894.8
73.4,103.1,138.5,120.6,120.7,1894.3
73.6,103.7,138.7,121.2,121.2,1893.8
73.8,104.3,139,121.7,121.8,1893.2
74,104.8,139.3,122.3,122.3,1892.7
74.2,105.4,139.5,122.9,122.9,1892.1
74.4,106,139.8,123.5,123.5,1891.5
74.6,106.5,140.1,124.1,124,1891
74.8,106.9,140.6,124.8,124.6,1890.4
75,107.5,140.8,125.3,125.1,1889.9
75.2,107.9,141.3,125.9,125.7,1889.3
75.4,108.4,141.7,126.5,126.2,1888.8
75.6,108.8,142.1,127.1,126.8,1888.2
75.8,109.3,142.6,127.7,127.3,1887.7
76,109.6,143.2,128.3,127.9,1887.1
76.2,110.1,143.7,128.9,128.4,1886.6
76.4,110.5,144.4,129.5,129,1886
76.6,110.8,145.1,130,129.6,1885.4
76.8,111.1,145.9,130.6,130.1,1884.9
77,111.5,146.6,131.2,130.7,1884.3
77.2,112.6,146.8,131.6,131.2,1883.8
77.4,113.6,147,132.1,131.6,1883.4
77.6,114.7,147.2,132.5,132.1,1882.9
77.8,115.7,147.3,133,132.6,1882.4
78,116.8,147.6,133.4,133.1,1881.9
78.2,117.6,147.7,133.9,133.6,1881.4
78.4,118.5,147.9,134.4,134.1,1880.9
78.6,119.3,148.2,134.8,134.6,1880.4
78.8,120,148.4,135.3,135.1,1879.9
79,120.6,148.7,135.7,135.6,1879.4
79.2,121.2,148.9,136.3,136.1,1878.9
79.4,121.9,149.2,136.7,136.5,1878.5
79.6,122.3,149.5,137.2,137,1878
79.8,122.9,149.8,137.7,137.5,1877.5
80,123.4,150.2,138.2,138,1877
80.2,123.7,150.6,138.7,138.5,1876.5
80.4,124.1,151,139.3,139,1876
80.6,124.6,151.4,139.8,139.5,1875.5
80.8,124.9,152,140.3,140,1875
81,125.3,152.5,140.8,140.5,1874.5
81.2,125.6,153,141.3,140.9,1874.1
81.4,126,153.8,141.8,141.5,1873.5
81.6,126.5,154.4,142.2,141.9,1873.1
81.8,126.6,155.2,142.7,142.4,1872.6
82,126.9,155.9,143.1,142.9,1872.1
82.2,127.2,156.3,143.5,143.2,1871.8
82.4,127.6,156.6,143.8,143.6,1871.4
82.6,128.1,157,144.1,143.9,1871.1
82.8,128.4,157.4,144.5,144.2,1870.8
83,128.7,157.8,144.8,144.5,1870.5
83.2,129,158.2,145.1,144.9,1870.1
83.4,129.3,158.7,145.4,145.2,1869.8
83.6,129.6,159.3,145.8,145.5,1869.5
83.8,129.9,159.8,146.1,145.9,1869.1
84,130,160.3,146.4,146.2,1868.8
84.2,130.3,161,146.7,146.5,1868.5
84.4,130.5,161.5,147,146.8,1868.2
84.6,130.6,162,147.3,147.2,1867.8
84.8,130.8,162.7,147.6,147.5,1867.5
85,131,163.3,147.9,147.8,1867.2
85.2,131.2,164,148.1,148.2,1866.8
85.4,131.3,164.7,148.4,148.5,1866.5
85.6,131.5,165.3,148.7,148.8,1866.2
85.8,131.7,166.1,149,149.1,1865.9
86,131.9,166.7,149.3,149.4,1865.6
86.2,132.1,167.4,149.5,149.8,1865.2
86.4,132.3,168.2,149.8,150.1,1864.9
86.6,132.4,169,150,150.4,1864.6
86.8,132.6,169.8,150.3,150.7,1864.3
87,132.8,170.5,150.6,151,1864
87.2,133.2,170.9,150.9,151.4,1863.6
87.4,133.4,171.1,151.2,151.7,1863.3
87.6,133.7,171.5,151.6,152,1863
87.8,134.1,171.9,151.9,152.4,1862.6
88,134.4,172.3,152.2,152.7,1862.3
88.2,134.6,172.6,152.6,153,1862
88.4,134.9,173.1,152.9,153.4,1861.6
88.6,135.2,173.5,153.2,153.7,1861.3
88.8,135.5,173.9,153.5,154,1861
89,135.7,174.4,153.8,154.4,1860.6
89.2,136,174.8,154.2,154.7,1860.3
89.4,136.2,175.2,154.5,155,1860
89.6,136.5,175.8,154.8,155.4,1859.6
89.8,136.5,176.4,155.1,155.7,1859.3
90,136.7,177,155.4,156,1859
90.2,137,177.6,155.8,156.4,1858.6
90.4,137.1,178,156.1,156.7,1858.3
90.6,137.3,178.8,156.4,157,1858
90.8,137.4,179.4,156.7,157.4,1857.6
91,137.7,180.1,157,157.7,1857.3
91.2,137.9,180.8,157.2,158,1857
91.4,138.1,181.4,157.5,158.3,1856.7
91.6,138.2,182.1,157.8,158.7,1856.3
91.8,138.4,182.8,158.1,159,1856
92,138.6,183.5,158.4,159.3,1855.7
92.2,139,183.5,158.7,159.6,1855.4
92.4,139.2,183.9,159.1,159.9,1855.1
92.6,139.4,184.2,159.4,160.3,1854.7
92.8,139.8,184.5,159.8,160.6,1854.4
93,140.2,184.9,160.1,160.9,1854.1
93.2,140.5,185.2,160.4,161.3,1853.7
93.4,140.8,185.5,160.8,161.6,1853.4
93.6,141,185.7,161.1,161.9,1853.1
93.8,141.3,186.1,161.4,162.3,1852.7
94,141.5,186.5,161.8,162.6,1852.4
94.2,141.9,187,162.1,162.9,1852.1
94.4,142.1,187.3,162.4,163.3,1851.7
94.6,142.3,187.6,162.8,163.6,1851.4
94.8,142.5,188.1,163.1,163.9,1851.1
95,142.8,188.5,163.5,164.3,1850.7
95.2,143,189,163.8,164.6,1850.4
95.4,143.2,189.6,164.1,164.9,1850.1
95.6,143.5,190,164.4,165.3,1849.7
95.8,143.6,190.4,164.7,165.6,1849.4
96,143.8,190.8,165.1,165.9,1849.1
96.2,143.9,191.3,165.4,166.2,1848.8
96.4,144.1,191.7,165.6,166.6,1848.4
96.6,144.3,192.3,165.9,166.9,1848.1
96.8,144.5,192.8,166.3,167.2,1847.8
97,144.6,193.4,166.6,167.6,1847.4
97.2,145,193.7,167,167.9,1847.1
97.4,145.6,193.9,167.3,168.3,1846.7
97.6,145.9,194.3,167.6,168.6,1846.4
97.8,146.1,194.5,168,168.9,1846.1
98,146.5,195,168.4,169.2,1845.8
98.2,146.8,195.5,168.7,169.6,1845.4
98.4,147.1,195.8,169.1,169.9,1845.1
98.6,147.5,196.3,169.4,170.3,1844.7
98.8,147.7,196.6,169.8,170.6,1844.4
99,148,197.1,170.1,170.9,1844.1
99.2,148.3,197.4,170.4,171.2,1843.8
99.4,148.4,197.8,170.7,171.5,1843.5
99.6,148.7,198.2,171,171.9,1843.1
99.8,149,198.7,171.4,172.2,1842.8
100,149,198.9,171.7,172.5,1842.5
100.2,149.2,199.5,172,172.9,1842.1
100.4,149.4,199.9,172.3,173.2,1841.8
100.6,149.7,200.3,172.6,173.5,1841.5
100.8,149.9,200.8,172.9,173.8,1841.2
101,150.1,201.4,173.2,174.2,1840.8
101.2,150.3,201.8,173.5,174.5,1840.5
101.4,150.6,202.2,173.8,174.8,1840.2
101.6,150.7,202.8,174.2,175.2,1839.8
101.8,150.9,203.2,174.5,175.5,1839.5
102,150.9,204,174.8,175.8,1839.2
102.2,151.2,204.1,175.1,176.1,1838.9
102.4,151.6,204.3,175.4,176.4,1838.6
102.6,151.9,204.6,175.7,176.8,1838.2
102.8,152.3,205,176.1,177.1,1837.9
103,152.6,205.3,176.4,177.4,1837.6
103.2,152.8,205.6,176.7,177.7,1837.3
103.4,153.1,205.9,177,178.1,1836.9
103.6,153.3,206.3,177.4,178.4,1836.6
103.8,153.6,206.7,177.7,178.7,1836.3
104,154,207.1,178,179,1836
104.2,154.3,207.3,178.3,179.4,1835.6
104.4,154.5,207.5,178.6,179.7,1835.3
104.6,154.6,207.7,178.9,180,1835
104.8,154.9,208.2,179.3,180.3,1834.7
105,155.1,208.5,179.5,180.6,1834.4
105.2,155.3,208.7,179.8,180.9,1834.1
105.4,155.5,209.3,180.2,181.3,1833.7
105.6,155.6,209.4,180.5,181.6,1833.4
105.8,155.8,210,180.8,181.9,1833.1
106,156.1,210.6,181.2,182.2,1832.8
106.2,156.4,211.1,181.5,182.5,1832.5
106.4,156.5,211.6,181.8,182.8,1832.2
106.6,156.7,212,182.1,183.2,1831.8
106.8,156.9,212.5,182.4,183.5,1831.5
107,157.2,212.9,182.7,183.8,1831.2
107.2,157.4,213.3,183.1,184.1,1830.9
107.4,157.8,213.6,183.4,184.5,1830.5
107.6,158.2,213.8,183.7,184.8,1830.2
107.8,158.6,214.2,184.1,185.1,1829.9
108,159,214.4,184.5,185.5,1829.5
108.2,159.2,214.7,184.7,185.8,1829.2
108.4,159.7,214.9,185.1,186.1,1828.9
108.6,159.8,215.3,185.4,186.5,1828.5
108.8,160.3,215.5,185.7,186.8,1828.2
109,160.6,215.8,186.1,187.1,1827.9
109.2,160.9,216.1,186.4,187.4,1827.6
109.4,161.1,216.4,186.7,187.8,1827.2
109.6,161.4,216.7,187.1,188.1,1826.9
109.8,161.6,217.2,187.4,188.4,1826.6
110,161.8,217.3,187.7,188.7,1826.3
110.2,162.1,217.8,188.1,189.1,1825.9
110.4,162.4,218.3,188.4,189.4,1825.6
110.6,162.4,218.6,188.7,189.7,1825.3
110.8,162.7,219,189,190.1,1824.9
111,163,219.6,189.4,190.4,1824.6
111.2,163,219.9,189.7,190.7,1824.3
111.4,163.2,220.2,190,191,1824
111.6,163.4,220.7,190.3,191.3,1823.7
111.8,163.7,221.3,190.5,191.7,1823.3
112,163.9,221.8,190.9,192,1823
112.2,164.2,222,191.2,192.3,1822.7
112.4,164.7,222.2,191.6,192.6,1822.4
112.6,164.9,222.6,191.9,193,1822
112.8,165.2,223,192.3,193.3,1821.7
113,165.6,223.2,192.6,193.6,1821.4
113.2,165.9,223.5,193,193.9,1821.1
113.4,166.2,224,193.4,194.3,1820.7
113.6,166.5,224.2,193.7,194.6,1820.4
113.8,166.8,224.4,194,194.9,1820.1
114,167.1,224.8,194.4,195.3,1819.7
114.2,167.3,225.2,194.7,195.6,1819.4
114.4,167.7,225.5,195.1,195.9,1819.1
114.6,168,225.9,195.3,196.3,1818.7
114.8,168.2,226.2,195.7,196.6,1818.4
115,168.5,226.6,195.9,196.9,1818.1
115.2,168.6,226.9,196.3,197.3,1817.7
115.4,168.8,227.3,196.7,197.6,1817.4
115.6,169.1,227.6,197,197.9,1817.1
115.8,169.5,228,197.4,198.2,1816.8
116,169.6,228.4,197.7,198.6,1816.4
116.2,169.9,228.9,198,198.9,1816.1
116.4,170.2,229.3,198.3,199.2,1815.8
116.6,170.3,229.6,198.6,199.5,1815.5
116.8,170.5,230.1,198.9,199.9,1815.1
117,170.8,230.6,199.4,200.2,1814.8
117.2,171.3,230.8,199.7,200.5,1814.5
117.4,171.6,231,200,200.9,1814.1
117.6,172,231.4,200.3,201.2,1813.8
117.8,172.4,231.6,200.7,201.5,1813.5
118,172.7,232,201,201.9,1813.1
118.2,173.2,232.4,201.4,202.2,1812.8
118.4,173.6,232.6,201.8,202.5,1812.5
118.6,174,232.9,202.1,202.9,1812.1
118.8,174.3,233.4,202.5,203.2,1811.8
119,174.6,233.6,202.7,203.5,1811.5
119.2,174.8,234,203.1,203.9,1811.1
119.4,175.1,234.4,203.5,204.2,1810.8
119.6,175.4,234.7,203.9,204.5,1810.5
119.8,175.7,235.2,204.2,204.9,1810.1
120,176.1,235.5,204.6,205.2,1809.8
120.2,176.3,236.1,204.9,205.6,1809.4
120.4,176.5,236.4,205.3,205.9,1809.1
120.6,176.8,236.8,205.6,206.2,1808.8
120.8,177.1,237.2,206,206.5,1808.5
121,177.5,237.6,206.3,206.9,1808.1
121.2,177.8,237.8,206.7,207.2,1807.8
121.4,178,238.3,207,207.5,1807.5
121.6,178.3,238.7,207.3,207.9,1807.1
121.8,178.5,239.3,207.6,208.2,1806.8
122,178.8,239.6,208,208.6,1806.4
122.2,179.3,240,208.3,208.9,1806.1
122.4,179.7,240.3,208.6,209.2,1805.8
122.6,180,240.5,208.9,209.6,1805.4
122.8,180.3,240.6,209.3,209.9,1805.1
123,180.5,241,209.6,210.2,1804.8
123.2,180.9,241.3,209.9,210.5,1804.5
123.4,181.2,241.7,210.2,210.8,1804.2
123.6,181.6,241.9,210.5,211.2,1803.8
123.8,181.8,242,210.8,211.5,1803.5
124,182.1,242.4,211.1,211.8,1803.2
124.2,182.5,242.9,211.5,212.1,1802.9
124.4,182.9,243.2,211.8,212.5,1802.5
124.6,183.1,243.4,212.1,212.8,1802.2
124.8,183.4,243.7,212.5,213.1,1801.9
125,183.6,244.1,212.7,213.4,1801.6
125.2,184,244.4,213.1,213.7,1801.3
125.4,184.2,244.8,213.4,214.1,1800.9
125.6,184.6,245,213.7,214.4,1800.6
125.8,184.9,245.4,214.1,214.7,1800.3
126,185,245.7,214.5,215,1800
126.2,185.3,246.1,214.8,215.4,1799.6
126.4,185.5,246.5,215.1,215.7,1799.3
126.6,185.5,246.9,215.4,216,1799
126.8,185.8,247.4,215.7,216.3,1798.7
127,186.1,247.9,216,216.7,1798.3
127.2,186.5,248.2,216.3,217,1798
127.4,186.8,248.4,216.7,217.3,1797.7
127.6,187.4,248.7,216.9,217.6,1797.4
127.8,187.6,248.9,217.3,217.9,1797.1
128,188,249.2,217.6,218.2,1796.8
128.2,188.4,249.4,218,218.6,1796.4
128.4,188.8,249.5,218.2,218.9,1796.1
128.6,189.1,249.9,218.5,219.2,1795.8
128.8,189.5,250.1,218.9,219.5,1795.5
129,189.9,250.4,219.2,219.9,1795.1
129.2,190.2,250.6,219.5,220.2,1794.8
129.4,190.5,251,219.9,220.5,1794.5
129.6,190.8,251.2,220.2,220.9,1794.1
129.8,191.2,251.6,220.5,221.2,1793.8
130,191.5,251.9,220.8,221.5,1793.5
130.2,191.7,252.2,221.2,221.8,1793.2
130.4,192,252.5,221.5,222.2,1792.8
130.6,192.3,253,221.9,222.5,1792.5
130.8,192.5,253.4,222.2,222.8,1792.2
131,193,253.7,222.5,223.2,1791.8
131.2,193.3,254.1,222.9,223.5,1791.5
131.4,193.2,254.4,223.2,223.8,1791.2
131.6,193.6,254.7,223.5,224.1,1790.9
131.8,193.8,255.4,223.8,224.5,1790.5
132,194.1,255.7,224.1,224.8,1790.2
132.2,194.5,255.9,224.5,225.1,1789.9
132.4,195.1,256,224.8,225.5,1789.5
132.6,195.5,256.2,225.1,225.8,1789.2
132.8,195.9,256.4,225.5,226.1,1788.9
133,196.3,256.8,225.9,226.5,1788.5
133.2,196.7,257,226.2,226.8,1788.2
133.4,197,257.3,226.5,227.1,1787.9
133.6,197.5,257.6,226.9,227.4,1787.6
133.8,197.7,258,227.2,227.8,1787.2
134,198.2,258.4,227.5,228.1,1786.9
134.2,198.7,258.6,227.9,228.4,1786.6
134.4,199,258.8,228.2,228.8,1786.2
134.6,199.1,259.2,228.5,229.1,1785.9
134.8,199.4,259.5,228.9,229.4,1785.6
135,199.8,259.8,229.2,229.7,1785.3
135.2,200,260.2,229.5,230.1,1784.9
135.4,200.3,260.6,229.9,230.4,1784.6
135.6,200.6,261.1,230.2,230.7,1784.3
135.8,200.8,261.3,230.5,231,1784
136,201.1,261.5,230.8,231.3,1783.7
136.2,201.2,262,231.1,231.7,1783.3
136.4,201.6,262.4,231.5,232,1783
136.6,201.7,262.7,231.8,232.3,1782.7
136.8,202,263.1,232.1,232.7,1782.3
137,202.2,263.4,232.4,233,1782
137.2,202.6,263.6,232.7,233.3,1781.7
137.4,203.1,264,233,233.6,1781.4
137.6,203.5,264.1,233.3,234,1781
137.8,203.9,264.3,233.7,234.3,1780.7
138,204.3,264.7,234,234.6,1780.4
138.2,204.9,264.9,234.4,235,1780
138.4,205.1,265,234.7,235.3,1779.7
138.6,205.4,265.3,235,235.6,1779.4
138.8,206.1,265.5,235.4,236,1779
139,206.5,266,235.8,236.3,1778.7
139.2,206.8,266.3,236.1,236.6,1778.4
139.4,207.1,266.7,236.4,237,1778
139.6,207.4,266.8,236.8,237.3,1777.7
139.8,207.6,267.2,237.1,237.6,1777.4
140,208,267.4,237.5,237.9,1777.1
140.2,208.4,267.7,237.8,238.3,1776.7
140.4,208.5,268.3,238.1,238.6,1776.4
140.6,208.9,268.5,238.5,238.9,1776.1
140.8,209.3,268.8,238.8,239.3,1775.7
141,209.5,269.3,239.1,239.6,1775.4
141.2,209.9,269.8,239.5,239.9,1775.1
141.4,210.3,270.2,239.8,240.3,1774.7
141.6,210.6,270.6,240.1,240.6,1774.4
141.8,210.7,270.9,240.5,240.9,1774.1
142,211.1,271.4,240.8,241.2,1773.8
142.2,211.6,271.6,241.1,241.6,1773.4
142.4,211.9,271.8,241.4,241.9,1773.1
142.6,212.2,272.1,241.8,242.2,1772.8
142.8,212.6,272.3,242.1,242.5,1772.5
143,213.1,272.4,242.3,242.8,1772.2
143.2,213.3,272.7,242.6,243.2,1771.8
143.4,213.7,273,242.9,243.5,1771.5
143.6,214.1,273.4,243.3,243.8,1771.2
143.8,214.5,273.5,243.6,244.1,1770.9
144,214.8,273.7,243.9,244.4,1770.6
144.2,215.1,273.9,244.2,244.8,1770.2
144.4,215.4,274.4,244.5,245.1,1769.9
144.6,215.7,274.7,244.8,245.4,1769.6
144.8,216,274.8,245.1,245.7,1769.3
145,216.3,275.2,245.4,246,1769
145.2,216.5,275.4,245.7,246.3,1768.7
145.4,216.7,275.8,246,246.6,1768.4
145.6,217.1,276,246.3,247,1768
145.8,217.4,276.4,246.7,247.3,1767.7
146,217.6,276.9,247,247.6,1767.4
146.2,218,277.3,247.3,247.9,1767.1
146.4,218.2,277.7,247.6,248.2,1766.8
146.6,218.3,277.8,247.9,248.5,1766.5
146.8,218.7,278,248.3,248.9,1766.1
147,218.9,278.5,248.6,249.2,1765.8
147.2,219.3,278.8,248.9,249.5,1765.5
147.4,219.7,279.1,249.2,249.8,1765.2
147.6,220.1,279.4,249.6,250.2,1764.8
147.8,220.6,279.7,249.9,250.5,1764.5
148,221.1,279.8,250.2,250.8,1764.2
148.2,221.6,280.1,250.5,251.1,1763.9
148.4,222,280.3,250.8,251.5,1763.5
148.6,222.3,280.6,251.1,251.8,1763.2
148.8,222.7,280.8,251.5,252.1,1762.9
149,223,281.2,251.8,252.4,1762.6
149.2,223.3,281.3,252.1,252.7,1762.3
149.4,223.7,281.6,252.4,253.1,1761.9
149.6,223.9,281.7,252.7,253.4,1761.6
149.8,224.3,281.9,253,253.7,1761.3
150,224.7,282.2,253.4,254,1761
150.2,224.9,282.6,253.6,254.3,1760.7
150.4,225.3,282.8,253.9,254.6,1760.4
150.6,225.7,283.1,254.3,255,1760
150.8,225.9,283.6,254.6,255.3,1759.7
151,226.2,284,255,255.6,1759.4
151.2,226.5,284.3,255.3,255.9,1759.1
151.4,226.8,284.6,255.6,256.2,1758.8
151.6,227.1,284.9,255.9,256.6,1758.4
151.8,227.4,285.3,256.2,256.9,1758.1
152,227.7,285.8,256.5,257.2,1757.8
152.2,228.2,285.9,256.9,257.5,1757.5
152.4,228.6,286.2,257.2,257.8,1757.2
152.6,229.1,286.6,257.5,258.1,1756.9
152.8,229.6,286.8,257.8,258.5,1756.5
153,230.2,287.2,258.1,258.8,1756.2
153.2,230.5,287.3,258.4,259.2,1755.8
153.4,230.9,287.5,258.8,259.5,1755.5
153.6,231.5,287.5,259.1,259.8,1755.2
153.8,231.9,287.8,259.4,260.1,1754.9
154,232.5,288.2,259.7,260.5,1754.5
154.2,233,288.4,260,260.8,1754.2
154.4,233.2,288.7,260.4,261.1,1753.9
154.6,233.6,288.9,260.7,261.4,1753.6
154.8,234,289.1,261,261.8,1753.2
155,234.3,289.3,261.4,262.1,1752.9
155.2,234.6,289.6,261.7,262.4,1752.6
155.4,234.9,289.9,262,262.7,1752.3
155.6,235.3,290.1,262.4,263.1,1751.9
155.8,235.7,290.6,262.7,263.4,1751.6
156,236,290.9,263.1,263.8,1751.2
156.2,236.3,291.2,263.4,264.1,1750.9
156.4,236.6,291.6,263.7,264.4,1750.6
156.6,236.9,292,264.1,264.7,1750.3
156.8,237.1,292.4,264.4,265.1,1749.9
157,237.3,292.7,264.7,265.4,1749.6
157.2,238,293,265,265.7,1749.3
157.4,238.6,293.1,265.3,266.1,1748.9
157.6,239.2,293.3,265.6,266.4,1748.6
157.8,239.7,293.5,265.9,266.7,1748.3
158,240.3,293.6,266.2,267,1748
158.2,240.8,294,266.6,267.4,1747.6
158.4,241.3,294.2,266.9,267.7,1747.3
158.6,241.9,294.4,267.2,268,1747
158.8,242.4,294.6,267.6,268.4,1746.6
159,242.9,294.8,267.9,268.7,1746.3
159.2,243.3,295.2,268.2,269.1,1745.9
159.4,243.7,295.4,268.5,269.4,1745.6
159.6,244.1,295.7,268.8,269.7,1745.3
159.8,244.6,295.9,269.1,270,1745
160,245,296.2,269.4,270.3,1744.7
160.2,245.5,296.5,269.7,270.7,1744.3
160.4,246.1,296.7,270.1,271,1744
160.6,246.5,297.1,270.4,271.4,1743.6
160.8,246.6,297.4,270.8,271.7,1743.3
161,246.9,297.7,271.2,272,1743
161.2,247.3,298.1,271.5,272.4,1742.6
161.4,247.6,298.4,271.8,272.7,1742.3
161.6,247.9,298.7,272.1,273,1742
161.8,248.3,299.3,272.5,273.4,1741.6
162,248.7,299.7,272.8,273.7,1741.3
162.2,249.1,299.7,273.1,274,1741
162.4,249.6,299.8,273.4,274.4,1740.6
162.6,250.1,299.9,273.6,274.7,1740.3
162.8,250.8,300.2,273.9,275,1740
163,251.3,300.5,274.2,275.3,1739.7
163.2,251.9,300.6,274.5,275.7,1739.3
163.4,252.5,300.7,274.8,276,1739
163.6,252.9,300.9,275.1,276.3,1738.7
163.8,253.5,301.1,275.4,276.7,1738.3
164,254.1,301.3,275.7,277,1738
164.2,254.5,301.6,276,277.3,1737.7
164.4,254.9,301.7,276.3,277.7,1737.3
164.6,255.4,302.1,276.6,278,1737
164.8,255.9,302.3,276.9,278.3,1736.7
165,256.2,302.5,277.2,278.7,1736.3
165.2,256.6,302.9,277.6,279,1736
165.4,257.1,303.1,277.9,279.3,1735.7
165.6,257.4,303.6,278.2,279.6,1735.4
165.8,257.8,303.8,278.5,280,1735
166,258.1,304.1,278.9,280.3,1734.7
166.2,258.5,304.4,279.2,280.6,1734.4
166.4,258.7,304.8,279.5,280.9,1734.1
166.6,259.1,305,279.9,281.3,1733.7
166.8,259.5,305.4,280.2,281.6,1733.4
167,259.9,305.8,280.5,282,1733
167.2,260.3,306.1,280.9,282.3,1732.7
167.4,260.8,306.5,281.2,282.7,1732.3
167.6,261.2,307,281.6,283,1732
167.8,261.7,307.3,282,283.4,1731.6
168,262.2,307.8,282.3,283.8,1731.2
168.2,262.6,308.4,282.7,284.1,1730.9
168.4,263,308.7,283,284.5,1730.5
168.6,263.4,309.2,283.4,284.9,1730.1
168.8,263.8,309.7,283.8,285.3,1729.7
169,264.2,310.3,284.1,285.6,1729.4
169.2,264.5,310.7,284.5,286,1729
169.4,265,311.4,284.8,286.4,1728.6
169.6,265.1,312,285.2,286.7,1728.3
169.8,265.4,312.8,285.5,287.1,1727.9
170,265.9,313.7,285.8,287.5,1727.5
170.2,266.2,314.3,286.2,287.8,1727.2
170.4,266.5,314.9,286.5,288.2,1726.8
170.6,266.8,315.8,286.9,288.6,1726.4
170.8,267,316.4,287.2,289,1726
171,267.2,316.9,287.5,289.3,1725.7
171.2,267.5,317.5,287.9,289.7,1725.3
171.4,267.6,318.2,288.2,290,1725
171.6,267.9,318.9,288.6,290.4,1724.6
171.8,268.2,319.4,288.9,290.8,1724.2
172,268.4,320.1,289.3,291.1,1723.9
172.2,268.9,320.5,289.6,291.5,1723.5
172.4,269.5,320.8,290,291.9,1723.1
172.6,269.9,321.3,290.4,292.3,1722.7
172.8,270.5,322,290.7,292.6,1722.4
173,271,322.6,291,293,1722
173.2,271.5,323.2,291.4,293.4,1721.6
173.4,271.9,323.8,291.8,293.7,1721.3
173.6,272.2,324.4,292.1,294.1,1720.9
173.8,272.6,325,292.5,294.5,1720.5
174,273,325.4,292.8,294.8,1720.2
174.2,273.3,325.9,293.3,295.2,1719.8
174.4,273.6,326.5,293.6,295.6,1719.4
174.6,273.9,327,294,296,1719
174.8,274.3,327.6,294.3,296.3,1718.7
175,274.6,328,294.7,296.7,1718.3
175.2,275,328.4,295.1,297.1,1717.9
175.4,275.2,329.1,295.4,297.4,1717.6
175.6,275.5,329.8,295.8,297.8,1717.2
175.8,275.8,330.1,296.1,298.2,1716.8
176,276.2,330.7,296.4,298.6,1716.4
176.2,276.4,331,296.8,298.9,1716.1
176.4,276.7,331.5,297.2,299.3,1715.7
176.6,277,332.6,297.5,299.7,1715.3
176.8,277.2,333.5,297.9,300,1715
177,277.4,334.1,298.2,300.4,1714.6
177.2,277.9,334.7,298.6,300.8,1714.2
177.4,278.3,334.9,298.9,301.1,1713.9
177.6,278.9,335.1,299.3,301.5,1713.5
177.8,279.3,335.9,299.7,301.8,1713.2
178,279.8,336.3,300,302.2,1712.8
178.2,280.3,337.2,300.4,302.6,1712.4
178.4,280.8,337.7,300.8,303,1712
178.6,281.3,338.4,301.1,303.3,1711.7
178.8,281.7,339.1,301.5,303.7,1711.3
179,282.2,339.8,301.8,304.1,1710.9
179.2,282.6,340.3,302.2,304.5,1710.5
179.4,282.9,341.2,302.5,304.8,1710.2
179.6,283.2,341.7,302.9,305.2,1709.8
179.8,283.5,342.8,303.3,305.6,1709.4
180,284,343.3,303.6,306,1709
180.2,284.5,343.9,304.1,306.5,1708.5
